{
    "careandsharelex": {
        "lambda": {
            "messageVersion": "1.0",
            "invocationSource": "DialogCodeHook",
            "userId": "John",
            "sessionAttributes": {},
            "bot": {
                "name": "BookTrip",
                "alias": "$LATEST",
                "version": "$LATEST"
            },
            "outputDialogMode": "Text",
            "currentIntent": {
                "name": "FindFeaturedProject",
                "slots": {
                    "keyword": "None",
                    "project_id": 4381,
                    "show_next": ""
                },
                "confirmationStatus": "None"
            }
        }
    }
}