{
    "themes": {
        "theme": [
            {
                "id": "animals",
                "name": "Animals"
            },
            {
                "id": "children",
                "name": "Children"
            },
            {
                "id": "climate",
                "name": "Climate Change"
            },
            {
                "id": "democ",
                "name": "Democracy and Governance"
            },
            {
                "id": "disaster",
                "name": "Disaster Recovery"
            },
            {
                "id": "ecdev",
                "name": "Economic Development"
            },
            {
                "id": "edu",
                "name": "Education"
            },
            {
                "id": "env",
                "name": "Environment"
            },
            {
                "id": "finance",
                "name": "Microfinance"
            },
            {
                "id": "gender",
                "name": "Women and Girls"
            },
            {
                "id": "health",
                "name": "Health"
            },
            {
                "id": "human",
                "name": "Humanitarian Assistance"
            },
            {
                "id": "rights",
                "name": "Human Rights"
            },
            {
                "id": "sport",
                "name": "Sport"
            },
            {
                "id": "tech",
                "name": "Technology"
            },
            {
                "id": "hunger",
                "name": "Hunger"
            },
            {
                "id": "art",
                "name": "Arts and Culture"
            },
            {
                "id": "lgbtq",
                "name": "LGBTQIA+"
            },
            {
                "id": "covid-19",
                "name": "COVID-19"
            }
        ]
    }
}